{
  "generated": "2026-03-04T13:18:34.500956",
  "n_trades": 300,
  "win_rate": 0.3,
  "profit_factor": 1.8215,
  "total_profit": 753.89,
  "return_pct": 75.39,
  "max_drawdown_pct": 14.96,
  "sharpe": 2.6946,
  "calmar": 5.0379,
  "recovery_factor": 4.4712,
  "wfe": {
    "pf_is": 1.822,
    "pf_oos": 0,
    "wfe": 0.0,
    "n_is": 300,
    "n_oos": 0,
    "verdict": "FRAGILE"
  },
  "by_symbol": {
    "US30Cash": {
      "n": 46,
      "pf": 1.2132923076923077,
      "wr": 0.45652173913043476,
      "total": 69.32
    },
    "GBPUSD": {
      "n": 61,
      "pf": 0.0,
      "wr": 0.0,
      "total": -4.27
    },
    "Nasdaq": {
      "n": 72,
      "pf": 2.2042171095155743,
      "wr": 0.5694444444444444,
      "total": 689.33
    },
    "EURUSD": {
      "n": 68,
      "pf": 0.0,
      "wr": 0.0,
      "total": -4.76
    },
    "XAUUSD": {
      "n": 53,
      "pf": 1.3802315227070348,
      "wr": 0.5283018867924528,
      "total": 4.27
    }
  },
  "monthly_pnl": {
    "2023-01": 321.59,
    "2023-02": 388.49,
    "2023-03": 43.81
  }
}